Numero,CV_Mensual,Nombre_Cliente
1,0.1162490456296189,EMBOTELLADORAS BEPENSA
1322,0.23203326002867625,NUEVA WAL MART DE MEXICO
1533,0.4151141876605297,SANTA CLARA MERCANTIL DE PACHUCA
1576,0.7536263141432904,B ADMINISTRACION DE TRANSPORTES
2,0.23518080027756907,INDUSTRIA ENVASADORA DE QUERETARO
31,0.6781792832688192,MEGA EMPACK
463,0.22516196576913614,JUGOS DEL VALLE
